date,type,description,key,source_module,observed_from,close_time,status
2000-01-03,CLOSED,New Year's Day,uk_new_years_day,module:uk_new_years_day,2000-01-01,,CONFIRMED
2000-04-21,CLOSED,Good Friday,good_friday,module:uk_good_friday,,,CONFIRMED
2000-04-24,CLOSED,Easter Monday,easter_monday,module:uk_easter_monday,,,CONFIRMED
2000-05-01,CLOSED,Early May Bank Holiday,uk_early_may_bank_holiday,module:uk_early_may_bank_holiday,,,CONFIRMED
2000-05-29,CLOSED,Spring Bank Holiday,uk_spring_bank_holiday,module:uk_spring_bank_holiday,,,CONFIRMED
2000-08-28,CLOSED,Summer Bank Holiday,uk_summer_bank_holiday,module:uk_summer_bank_holiday,,,CONFIRMED
2000-12-22,EARLY_CLOSE,Christmas Eve (Early Close) (24 December 2000 is a Sunday; half day observed the preceding Friday),gb_lse_christmas_eve_early_close_shifted,module:gb_lse_early_closes,,12:30,CONFIRMED
2000-12-25,CLOSED,Christmas Day,uk_christmas_day,module:uk_christmas_day,,,CONFIRMED
2000-12-26,CLOSED,Boxing Day,uk_boxing_day,module:uk_boxing_day,,,CONFIRMED
2000-12-29,EARLY_CLOSE,New Year's Eve (Early Close) (31 December 2000 is a Sunday; half day observed the preceding Friday),gb_lse_new_years_eve_early_close_shifted,module:gb_lse_early_closes,,12:30,CONFIRMED
2001-01-01,CLOSED,New Year's Day,uk_new_years_day,module:uk_new_years_day,,,CONFIRMED
2001-04-13,CLOSED,Good Friday,good_friday,module:uk_good_friday,,,CONFIRMED
2001-04-16,CLOSED,Easter Monday,easter_monday,module:uk_easter_monday,,,CONFIRMED
2001-05-07,CLOSED,Early May Bank Holiday,uk_early_may_bank_holiday,module:uk_early_may_bank_holiday,,,CONFIRMED
2001-05-28,CLOSED,Spring Bank Holiday,uk_spring_bank_holiday,module:uk_spring_bank_holiday,,,CONFIRMED
2001-08-27,CLOSED,Summer Bank Holiday,uk_summer_bank_holiday,module:uk_summer_bank_holiday,,,CONFIRMED
2001-12-24,EARLY_CLOSE,Christmas Eve (Early Close),gb_lse_christmas_eve_early_close,module:gb_lse_early_closes,,12:30,CONFIRMED
2001-12-25,CLOSED,Christmas Day,uk_christmas_day,module:uk_christmas_day,,,CONFIRMED
2001-12-26,CLOSED,Boxing Day,uk_boxing_day,module:uk_boxing_day,,,CONFIRMED
2001-12-31,EARLY_CLOSE,New Year's Eve (Early Close),gb_lse_new_years_eve_early_close,module:gb_lse_early_closes,,12:30,CONFIRMED
2002-01-01,CLOSED,New Year's Day,uk_new_years_day,module:uk_new_years_day,,,CONFIRMED
2002-03-29,CLOSED,Good Friday,good_friday,module:uk_good_friday,,,CONFIRMED
2002-04-01,CLOSED,Easter Monday,easter_monday,module:uk_easter_monday,,,CONFIRMED
2002-05-06,CLOSED,Early May Bank Holiday,uk_early_may_bank_holiday,module:uk_early_may_bank_holiday,,,CONFIRMED
2002-06-03,CLOSED,Spring Bank Holiday (Moved for the Golden Jubilee),uk_spring_bank_holiday_moved,module:uk_spring_bank_holiday,,,CONFIRMED
2002-06-04,CLOSED,Jubilee Bank Holiday (Golden Jubilee),uk_jubilee_bank_holiday,module:uk_jubilee_bank_holiday,,,CONFIRMED
2002-08-26,CLOSED,Summer Bank Holiday,uk_summer_bank_holiday,module:uk_summer_bank_holiday,,,CONFIRMED
2002-12-24,EARLY_CLOSE,Christmas Eve (Early Close),gb_lse_christmas_eve_early_close,module:gb_lse_early_closes,,12:30,CONFIRMED
2002-12-25,CLOSED,Christmas Day,uk_christmas_day,module:uk_christmas_day,,,CONFIRMED
2002-12-26,CLOSED,Boxing Day,uk_boxing_day,module:uk_boxing_day,,,CONFIRMED
2002-12-31,EARLY_CLOSE,New Year's Eve (Early Close),gb_lse_new_years_eve_early_close,module:gb_lse_early_closes,,12:30,CONFIRMED
2003-01-01,CLOSED,New Year's Day,uk_new_years_day,module:uk_new_years_day,,,CONFIRMED
2003-04-18,CLOSED,Good Friday,good_friday,module:uk_good_friday,,,CONFIRMED
2003-04-21,CLOSED,Easter Monday,easter_monday,module:uk_easter_monday,,,CONFIRMED
2003-05-05,CLOSED,Early May Bank Holiday,uk_early_may_bank_holiday,module:uk_early_may_bank_holiday,,,CONFIRMED
2003-05-26,CLOSED,Spring Bank Holiday,uk_spring_bank_holiday,module:uk_spring_bank_holiday,,,CONFIRMED
2003-08-25,CLOSED,Summer Bank Holiday,uk_summer_bank_holiday,module:uk_summer_bank_holiday,,,CONFIRMED
2003-12-24,EARLY_CLOSE,Christmas Eve (Early Close),gb_lse_christmas_eve_early_close,module:gb_lse_early_closes,,12:30,CONFIRMED
2003-12-25,CLOSED,Christmas Day,uk_christmas_day,module:uk_christmas_day,,,CONFIRMED
2003-12-26,CLOSED,Boxing Day,uk_boxing_day,module:uk_boxing_day,,,CONFIRMED
2003-12-31,EARLY_CLOSE,New Year's Eve (Early Close),gb_lse_new_years_eve_early_close,module:gb_lse_early_closes,,12:30,CONFIRMED
2004-01-01,CLOSED,New Year's Day,uk_new_years_day,module:uk_new_years_day,,,CONFIRMED
2004-04-09,CLOSED,Good Friday,good_friday,module:uk_good_friday,,,CONFIRMED
2004-04-12,CLOSED,Easter Monday,easter_monday,module:uk_easter_monday,,,CONFIRMED
2004-05-03,CLOSED,Early May Bank Holiday,uk_early_may_bank_holiday,module:uk_early_may_bank_holiday,,,CONFIRMED
2004-05-31,CLOSED,Spring Bank Holiday,uk_spring_bank_holiday,module:uk_spring_bank_holiday,,,CONFIRMED
2004-08-30,CLOSED,Summer Bank Holiday,uk_summer_bank_holiday,module:uk_summer_bank_holiday,,,CONFIRMED
2004-12-24,EARLY_CLOSE,Christmas Eve (Early Close),gb_lse_christmas_eve_early_close,module:gb_lse_early_closes,,12:30,CONFIRMED
2004-12-27,CLOSED,Christmas Day,uk_christmas_day,module:uk_christmas_day,2004-12-25,,CONFIRMED
2004-12-28,CLOSED,Boxing Day,uk_boxing_day,module:uk_boxing_day,2004-12-26,,CONFIRMED
2004-12-31,EARLY_CLOSE,New Year's Eve (Early Close),gb_lse_new_years_eve_early_close,module:gb_lse_early_closes,,12:30,CONFIRMED
2005-01-03,CLOSED,New Year's Day,uk_new_years_day,module:uk_new_years_day,2005-01-01,,CONFIRMED
2005-03-25,CLOSED,Good Friday,good_friday,module:uk_good_friday,,,CONFIRMED
2005-03-28,CLOSED,Easter Monday,easter_monday,module:uk_easter_monday,,,CONFIRMED
2005-05-02,CLOSED,Early May Bank Holiday,uk_early_may_bank_holiday,module:uk_early_may_bank_holiday,,,CONFIRMED
2005-05-30,CLOSED,Spring Bank Holiday,uk_spring_bank_holiday,module:uk_spring_bank_holiday,,,CONFIRMED
2005-08-29,CLOSED,Summer Bank Holiday,uk_summer_bank_holiday,module:uk_summer_bank_holiday,,,CONFIRMED
2005-12-23,EARLY_CLOSE,Christmas Eve (Early Close) (24 December 2005 is a Saturday; half day observed the preceding Friday),gb_lse_christmas_eve_early_close_shifted,module:gb_lse_early_closes,,12:30,CONFIRMED
2005-12-26,CLOSED,Boxing Day,uk_boxing_day,module:uk_boxing_day,,,CONFIRMED
2005-12-27,CLOSED,Christmas Day,uk_christmas_day,module:uk_christmas_day,2005-12-25,,CONFIRMED
2005-12-30,EARLY_CLOSE,New Year's Eve (Early Close) (31 December 2005 is a Saturday; half day observed the preceding Friday),gb_lse_new_years_eve_early_close_shifted,module:gb_lse_early_closes,,12:30,CONFIRMED
2006-01-02,CLOSED,New Year's Day,uk_new_years_day,module:uk_new_years_day,2006-01-01,,CONFIRMED
2006-04-14,CLOSED,Good Friday,good_friday,module:uk_good_friday,,,CONFIRMED
2006-04-17,CLOSED,Easter Monday,easter_monday,module:uk_easter_monday,,,CONFIRMED
2006-05-01,CLOSED,Early May Bank Holiday,uk_early_may_bank_holiday,module:uk_early_may_bank_holiday,,,CONFIRMED
2006-05-29,CLOSED,Spring Bank Holiday,uk_spring_bank_holiday,module:uk_spring_bank_holiday,,,CONFIRMED
2006-08-28,CLOSED,Summer Bank Holiday,uk_summer_bank_holiday,module:uk_summer_bank_holiday,,,CONFIRMED
2006-12-22,EARLY_CLOSE,Christmas Eve (Early Close) (24 December 2006 is a Sunday; half day observed the preceding Friday),gb_lse_christmas_eve_early_close_shifted,module:gb_lse_early_closes,,12:30,CONFIRMED
2006-12-25,CLOSED,Christmas Day,uk_christmas_day,module:uk_christmas_day,,,CONFIRMED
2006-12-26,CLOSED,Boxing Day,uk_boxing_day,module:uk_boxing_day,,,CONFIRMED
2006-12-29,EARLY_CLOSE,New Year's Eve (Early Close) (31 December 2006 is a Sunday; half day observed the preceding Friday),gb_lse_new_years_eve_early_close_shifted,module:gb_lse_early_closes,,12:30,CONFIRMED
2007-01-01,CLOSED,New Year's Day,uk_new_years_day,module:uk_new_years_day,,,CONFIRMED
2007-04-06,CLOSED,Good Friday,good_friday,module:uk_good_friday,,,CONFIRMED
2007-04-09,CLOSED,Easter Monday,easter_monday,module:uk_easter_monday,,,CONFIRMED
2007-05-07,CLOSED,Early May Bank Holiday,uk_early_may_bank_holiday,module:uk_early_may_bank_holiday,,,CONFIRMED
2007-05-28,CLOSED,Spring Bank Holiday,uk_spring_bank_holiday,module:uk_spring_bank_holiday,,,CONFIRMED
2007-08-27,CLOSED,Summer Bank Holiday,uk_summer_bank_holiday,module:uk_summer_bank_holiday,,,CONFIRMED
2007-12-24,EARLY_CLOSE,Christmas Eve (Early Close),gb_lse_christmas_eve_early_close,module:gb_lse_early_closes,,12:30,CONFIRMED
2007-12-25,CLOSED,Christmas Day,uk_christmas_day,module:uk_christmas_day,,,CONFIRMED
2007-12-26,CLOSED,Boxing Day,uk_boxing_day,module:uk_boxing_day,,,CONFIRMED
2007-12-31,EARLY_CLOSE,New Year's Eve (Early Close),gb_lse_new_years_eve_early_close,module:gb_lse_early_closes,,12:30,CONFIRMED
2008-01-01,CLOSED,New Year's Day,uk_new_years_day,module:uk_new_years_day,,,CONFIRMED
2008-03-21,CLOSED,Good Friday,good_friday,module:uk_good_friday,,,CONFIRMED
2008-03-24,CLOSED,Easter Monday,easter_monday,module:uk_easter_monday,,,CONFIRMED
2008-05-05,CLOSED,Early May Bank Holiday,uk_early_may_bank_holiday,module:uk_early_may_bank_holiday,,,CONFIRMED
2008-05-26,CLOSED,Spring Bank Holiday,uk_spring_bank_holiday,module:uk_spring_bank_holiday,,,CONFIRMED
2008-08-25,CLOSED,Summer Bank Holiday,uk_summer_bank_holiday,module:uk_summer_bank_holiday,,,CONFIRMED
2008-12-24,EARLY_CLOSE,Christmas Eve (Early Close),gb_lse_christmas_eve_early_close,module:gb_lse_early_closes,,12:30,CONFIRMED
2008-12-25,CLOSED,Christmas Day,uk_christmas_day,module:uk_christmas_day,,,CONFIRMED
2008-12-26,CLOSED,Boxing Day,uk_boxing_day,module:uk_boxing_day,,,CONFIRMED
2008-12-31,EARLY_CLOSE,New Year's Eve (Early Close),gb_lse_new_years_eve_early_close,module:gb_lse_early_closes,,12:30,CONFIRMED
2009-01-01,CLOSED,New Year's Day,uk_new_years_day,module:uk_new_years_day,,,CONFIRMED
2009-04-10,CLOSED,Good Friday,good_friday,module:uk_good_friday,,,CONFIRMED
2009-04-13,CLOSED,Easter Monday,easter_monday,module:uk_easter_monday,,,CONFIRMED
2009-05-04,CLOSED,Early May Bank Holiday,uk_early_may_bank_holiday,module:uk_early_may_bank_holiday,,,CONFIRMED
2009-05-25,CLOSED,Spring Bank Holiday,uk_spring_bank_holiday,module:uk_spring_bank_holiday,,,CONFIRMED
2009-08-31,CLOSED,Summer Bank Holiday,uk_summer_bank_holiday,module:uk_summer_bank_holiday,,,CONFIRMED
2009-12-24,EARLY_CLOSE,Christmas Eve (Early Close),gb_lse_christmas_eve_early_close,module:gb_lse_early_closes,,12:30,CONFIRMED
2009-12-25,CLOSED,Christmas Day,uk_christmas_day,module:uk_christmas_day,,,CONFIRMED
2009-12-28,CLOSED,Boxing Day,uk_boxing_day,module:uk_boxing_day,2009-12-26,,CONFIRMED
2009-12-31,EARLY_CLOSE,New Year's Eve (Early Close),gb_lse_new_years_eve_early_close,module:gb_lse_early_closes,,12:30,CONFIRMED
2010-01-01,CLOSED,New Year's Day,uk_new_years_day,module:uk_new_years_day,,,CONFIRMED
2010-04-02,CLOSED,Good Friday,good_friday,module:uk_good_friday,,,CONFIRMED
2010-04-05,CLOSED,Easter Monday,easter_monday,module:uk_easter_monday,,,CONFIRMED
2010-05-03,CLOSED,Early May Bank Holiday,uk_early_may_bank_holiday,module:uk_early_may_bank_holiday,,,CONFIRMED
2010-05-31,CLOSED,Spring Bank Holiday,uk_spring_bank_holiday,module:uk_spring_bank_holiday,,,CONFIRMED
2010-08-30,CLOSED,Summer Bank Holiday,uk_summer_bank_holiday,module:uk_summer_bank_holiday,,,CONFIRMED
2010-12-24,EARLY_CLOSE,Christmas Eve (Early Close),gb_lse_christmas_eve_early_close,module:gb_lse_early_closes,,12:30,CONFIRMED
2010-12-27,CLOSED,Christmas Day,uk_christmas_day,module:uk_christmas_day,2010-12-25,,CONFIRMED
2010-12-28,CLOSED,Boxing Day,uk_boxing_day,module:uk_boxing_day,2010-12-26,,CONFIRMED
2010-12-31,EARLY_CLOSE,New Year's Eve (Early Close),gb_lse_new_years_eve_early_close,module:gb_lse_early_closes,,12:30,CONFIRMED
2011-01-03,CLOSED,New Year's Day,uk_new_years_day,module:uk_new_years_day,2011-01-01,,CONFIRMED
2011-04-22,CLOSED,Good Friday,good_friday,module:uk_good_friday,,,CONFIRMED
2011-04-25,CLOSED,Easter Monday,easter_monday,module:uk_easter_monday,,,CONFIRMED
2011-04-29,CLOSED,Royal Wedding Bank Holiday,uk_royal_wedding_2011,module:uk_one_off_bank_holidays,,,CONFIRMED
2011-05-02,CLOSED,Early May Bank Holiday,uk_early_may_bank_holiday,module:uk_early_may_bank_holiday,,,CONFIRMED
2011-05-30,CLOSED,Spring Bank Holiday,uk_spring_bank_holiday,module:uk_spring_bank_holiday,,,CONFIRMED
2011-08-29,CLOSED,Summer Bank Holiday,uk_summer_bank_holiday,module:uk_summer_bank_holiday,,,CONFIRMED
2011-12-23,EARLY_CLOSE,Christmas Eve (Early Close) (24 December 2011 is a Saturday; half day observed the preceding Friday),gb_lse_christmas_eve_early_close_shifted,module:gb_lse_early_closes,,12:30,CONFIRMED
2011-12-26,CLOSED,Boxing Day,uk_boxing_day,module:uk_boxing_day,,,CONFIRMED
2011-12-27,CLOSED,Christmas Day,uk_christmas_day,module:uk_christmas_day,2011-12-25,,CONFIRMED
2011-12-30,EARLY_CLOSE,New Year's Eve (Early Close) (31 December 2011 is a Saturday; half day observed the preceding Friday),gb_lse_new_years_eve_early_close_shifted,module:gb_lse_early_closes,,12:30,CONFIRMED
2012-01-02,CLOSED,New Year's Day,uk_new_years_day,module:uk_new_years_day,2012-01-01,,CONFIRMED
2012-04-06,CLOSED,Good Friday,good_friday,module:uk_good_friday,,,CONFIRMED
2012-04-09,CLOSED,Easter Monday,easter_monday,module:uk_easter_monday,,,CONFIRMED
2012-05-07,CLOSED,Early May Bank Holiday,uk_early_may_bank_holiday,module:uk_early_may_bank_holiday,,,CONFIRMED
2012-06-04,CLOSED,Spring Bank Holiday (Moved for the Diamond Jubilee),uk_spring_bank_holiday_moved,module:uk_spring_bank_holiday,,,CONFIRMED
2012-06-05,CLOSED,Jubilee Bank Holiday (Diamond Jubilee),uk_jubilee_bank_holiday,module:uk_jubilee_bank_holiday,,,CONFIRMED
2012-08-27,CLOSED,Summer Bank Holiday,uk_summer_bank_holiday,module:uk_summer_bank_holiday,,,CONFIRMED
2012-12-24,EARLY_CLOSE,Christmas Eve (Early Close),gb_lse_christmas_eve_early_close,module:gb_lse_early_closes,,12:30,CONFIRMED
2012-12-25,CLOSED,Christmas Day,uk_christmas_day,module:uk_christmas_day,,,CONFIRMED
2012-12-26,CLOSED,Boxing Day,uk_boxing_day,module:uk_boxing_day,,,CONFIRMED
2012-12-31,EARLY_CLOSE,New Year's Eve (Early Close),gb_lse_new_years_eve_early_close,module:gb_lse_early_closes,,12:30,CONFIRMED
2013-01-01,CLOSED,New Year's Day,uk_new_years_day,module:uk_new_years_day,,,CONFIRMED
2013-03-29,CLOSED,Good Friday,good_friday,module:uk_good_friday,,,CONFIRMED
2013-04-01,CLOSED,Easter Monday,easter_monday,module:uk_easter_monday,,,CONFIRMED
2013-05-06,CLOSED,Early May Bank Holiday,uk_early_may_bank_holiday,module:uk_early_may_bank_holiday,,,CONFIRMED
2013-05-27,CLOSED,Spring Bank Holiday,uk_spring_bank_holiday,module:uk_spring_bank_holiday,,,CONFIRMED
2013-08-26,CLOSED,Summer Bank Holiday,uk_summer_bank_holiday,module:uk_summer_bank_holiday,,,CONFIRMED
2013-12-24,EARLY_CLOSE,Christmas Eve (Early Close),gb_lse_christmas_eve_early_close,module:gb_lse_early_closes,,12:30,CONFIRMED
2013-12-25,CLOSED,Christmas Day,uk_christmas_day,module:uk_christmas_day,,,CONFIRMED
2013-12-26,CLOSED,Boxing Day,uk_boxing_day,module:uk_boxing_day,,,CONFIRMED
2013-12-31,EARLY_CLOSE,New Year's Eve (Early Close),gb_lse_new_years_eve_early_close,module:gb_lse_early_closes,,12:30,CONFIRMED
2014-01-01,CLOSED,New Year's Day,uk_new_years_day,module:uk_new_years_day,,,CONFIRMED
2014-04-18,CLOSED,Good Friday,good_friday,module:uk_good_friday,,,CONFIRMED
2014-04-21,CLOSED,Easter Monday,easter_monday,module:uk_easter_monday,,,CONFIRMED
2014-05-05,CLOSED,Early May Bank Holiday,uk_early_may_bank_holiday,module:uk_early_may_bank_holiday,,,CONFIRMED
2014-05-26,CLOSED,Spring Bank Holiday,uk_spring_bank_holiday,module:uk_spring_bank_holiday,,,CONFIRMED
2014-08-25,CLOSED,Summer Bank Holiday,uk_summer_bank_holiday,module:uk_summer_bank_holiday,,,CONFIRMED
2014-12-24,EARLY_CLOSE,Christmas Eve (Early Close),gb_lse_christmas_eve_early_close,module:gb_lse_early_closes,,12:30,CONFIRMED
2014-12-25,CLOSED,Christmas Day,uk_christmas_day,module:uk_christmas_day,,,CONFIRMED
2014-12-26,CLOSED,Boxing Day,uk_boxing_day,module:uk_boxing_day,,,CONFIRMED
2014-12-31,EARLY_CLOSE,New Year's Eve (Early Close),gb_lse_new_years_eve_early_close,module:gb_lse_early_closes,,12:30,CONFIRMED
2015-01-01,CLOSED,New Year's Day,uk_new_years_day,module:uk_new_years_day,,,CONFIRMED
2015-04-03,CLOSED,Good Friday,good_friday,module:uk_good_friday,,,CONFIRMED
2015-04-06,CLOSED,Easter Monday,easter_monday,module:uk_easter_monday,,,CONFIRMED
2015-05-04,CLOSED,Early May Bank Holiday,uk_early_may_bank_holiday,module:uk_early_may_bank_holiday,,,CONFIRMED
2015-05-25,CLOSED,Spring Bank Holiday,uk_spring_bank_holiday,module:uk_spring_bank_holiday,,,CONFIRMED
2015-08-31,CLOSED,Summer Bank Holiday,uk_summer_bank_holiday,module:uk_summer_bank_holiday,,,CONFIRMED
2015-12-24,EARLY_CLOSE,Christmas Eve (Early Close),gb_lse_christmas_eve_early_close,module:gb_lse_early_closes,,12:30,CONFIRMED
2015-12-25,CLOSED,Christmas Day,uk_christmas_day,module:uk_christmas_day,,,CONFIRMED
2015-12-28,CLOSED,Boxing Day,uk_boxing_day,module:uk_boxing_day,2015-12-26,,CONFIRMED
2015-12-31,EARLY_CLOSE,New Year's Eve (Early Close),gb_lse_new_years_eve_early_close,module:gb_lse_early_closes,,12:30,CONFIRMED
2016-01-01,CLOSED,New Year's Day,uk_new_years_day,module:uk_new_years_day,,,CONFIRMED
2016-03-25,CLOSED,Good Friday,good_friday,module:uk_good_friday,,,CONFIRMED
2016-03-28,CLOSED,Easter Monday,easter_monday,module:uk_easter_monday,,,CONFIRMED
2016-05-02,CLOSED,Early May Bank Holiday,uk_early_may_bank_holiday,module:uk_early_may_bank_holiday,,,CONFIRMED
2016-05-30,CLOSED,Spring Bank Holiday,uk_spring_bank_holiday,module:uk_spring_bank_holiday,,,CONFIRMED
2016-08-29,CLOSED,Summer Bank Holiday,uk_summer_bank_holiday,module:uk_summer_bank_holiday,,,CONFIRMED
2016-12-23,EARLY_CLOSE,Christmas Eve (Early Close) (24 December 2016 is a Saturday; half day observed the preceding Friday),gb_lse_christmas_eve_early_close_shifted,module:gb_lse_early_closes,,12:30,CONFIRMED
2016-12-26,CLOSED,Boxing Day,uk_boxing_day,module:uk_boxing_day,,,CONFIRMED
2016-12-27,CLOSED,Christmas Day,uk_christmas_day,module:uk_christmas_day,2016-12-25,,CONFIRMED
2016-12-30,EARLY_CLOSE,New Year's Eve (Early Close) (31 December 2016 is a Saturday; half day observed the preceding Friday),gb_lse_new_years_eve_early_close_shifted,module:gb_lse_early_closes,,12:30,CONFIRMED
2017-01-02,CLOSED,New Year's Day,uk_new_years_day,module:uk_new_years_day,2017-01-01,,CONFIRMED
2017-04-14,CLOSED,Good Friday,good_friday,module:uk_good_friday,,,CONFIRMED
2017-04-17,CLOSED,Easter Monday,easter_monday,module:uk_easter_monday,,,CONFIRMED
2017-05-01,CLOSED,Early May Bank Holiday,uk_early_may_bank_holiday,module:uk_early_may_bank_holiday,,,CONFIRMED
2017-05-29,CLOSED,Spring Bank Holiday,uk_spring_bank_holiday,module:uk_spring_bank_holiday,,,CONFIRMED
2017-08-28,CLOSED,Summer Bank Holiday,uk_summer_bank_holiday,module:uk_summer_bank_holiday,,,CONFIRMED
2017-12-22,EARLY_CLOSE,Christmas Eve (Early Close) (24 December 2017 is a Sunday; half day observed the preceding Friday),gb_lse_christmas_eve_early_close_shifted,module:gb_lse_early_closes,,12:30,CONFIRMED
2017-12-25,CLOSED,Christmas Day,uk_christmas_day,module:uk_christmas_day,,,CONFIRMED
2017-12-26,CLOSED,Boxing Day,uk_boxing_day,module:uk_boxing_day,,,CONFIRMED
2017-12-29,EARLY_CLOSE,New Year's Eve (Early Close) (31 December 2017 is a Sunday; half day observed the preceding Friday),gb_lse_new_years_eve_early_close_shifted,module:gb_lse_early_closes,,12:30,CONFIRMED
2018-01-01,CLOSED,New Year's Day,uk_new_years_day,module:uk_new_years_day,,,CONFIRMED
2018-03-30,CLOSED,Good Friday,good_friday,module:uk_good_friday,,,CONFIRMED
2018-04-02,CLOSED,Easter Monday,easter_monday,module:uk_easter_monday,,,CONFIRMED
2018-05-07,CLOSED,Early May Bank Holiday,uk_early_may_bank_holiday,module:uk_early_may_bank_holiday,,,CONFIRMED
2018-05-28,CLOSED,Spring Bank Holiday,uk_spring_bank_holiday,module:uk_spring_bank_holiday,,,CONFIRMED
2018-08-27,CLOSED,Summer Bank Holiday,uk_summer_bank_holiday,module:uk_summer_bank_holiday,,,CONFIRMED
2018-12-24,EARLY_CLOSE,Christmas Eve (Early Close),gb_lse_christmas_eve_early_close,module:gb_lse_early_closes,,12:30,CONFIRMED
2018-12-25,CLOSED,Christmas Day,uk_christmas_day,module:uk_christmas_day,,,CONFIRMED
2018-12-26,CLOSED,Boxing Day,uk_boxing_day,module:uk_boxing_day,,,CONFIRMED
2018-12-31,EARLY_CLOSE,New Year's Eve (Early Close),gb_lse_new_years_eve_early_close,module:gb_lse_early_closes,,12:30,CONFIRMED
2019-01-01,CLOSED,New Year's Day,uk_new_years_day,module:uk_new_years_day,,,CONFIRMED
2019-04-19,CLOSED,Good Friday,good_friday,module:uk_good_friday,,,CONFIRMED
2019-04-22,CLOSED,Easter Monday,easter_monday,module:uk_easter_monday,,,CONFIRMED
2019-05-06,CLOSED,Early May Bank Holiday,uk_early_may_bank_holiday,module:uk_early_may_bank_holiday,,,CONFIRMED
2019-05-27,CLOSED,Spring Bank Holiday,uk_spring_bank_holiday,module:uk_spring_bank_holiday,,,CONFIRMED
2019-08-26,CLOSED,Summer Bank Holiday,uk_summer_bank_holiday,module:uk_summer_bank_holiday,,,CONFIRMED
2019-12-24,EARLY_CLOSE,Christmas Eve (Early Close),gb_lse_christmas_eve_early_close,module:gb_lse_early_closes,,12:30,CONFIRMED
2019-12-25,CLOSED,Christmas Day,uk_christmas_day,module:uk_christmas_day,,,CONFIRMED
2019-12-26,CLOSED,Boxing Day,uk_boxing_day,module:uk_boxing_day,,,CONFIRMED
2019-12-31,EARLY_CLOSE,New Year's Eve (Early Close),gb_lse_new_years_eve_early_close,module:gb_lse_early_closes,,12:30,CONFIRMED
2020-01-01,CLOSED,New Year's Day,uk_new_years_day,module:uk_new_years_day,,,CONFIRMED
2020-04-10,CLOSED,Good Friday,good_friday,module:uk_good_friday,,,CONFIRMED
2020-04-13,CLOSED,Easter Monday,easter_monday,module:uk_easter_monday,,,CONFIRMED
2020-05-08,CLOSED,Early May Bank Holiday (VE Day 75th anniversary),uk_early_may_bank_holiday_moved,module:uk_early_may_bank_holiday,,,CONFIRMED
2020-05-25,CLOSED,Spring Bank Holiday,uk_spring_bank_holiday,module:uk_spring_bank_holiday,,,CONFIRMED
2020-08-31,CLOSED,Summer Bank Holiday,uk_summer_bank_holiday,module:uk_summer_bank_holiday,,,CONFIRMED
2020-12-24,EARLY_CLOSE,Christmas Eve (Early Close),gb_lse_christmas_eve_early_close,module:gb_lse_early_closes,,12:30,CONFIRMED
2020-12-25,CLOSED,Christmas Day,uk_christmas_day,module:uk_christmas_day,,,CONFIRMED
2020-12-28,CLOSED,Boxing Day,uk_boxing_day,module:uk_boxing_day,2020-12-26,,CONFIRMED
2020-12-31,EARLY_CLOSE,New Year's Eve (Early Close),gb_lse_new_years_eve_early_close,module:gb_lse_early_closes,,12:30,CONFIRMED
2021-01-01,CLOSED,New Year's Day,uk_new_years_day,module:uk_new_years_day,,,CONFIRMED
2021-04-02,CLOSED,Good Friday,good_friday,module:uk_good_friday,,,CONFIRMED
2021-04-05,CLOSED,Easter Monday,easter_monday,module:uk_easter_monday,,,CONFIRMED
2021-05-03,CLOSED,Early May Bank Holiday,uk_early_may_bank_holiday,module:uk_early_may_bank_holiday,,,CONFIRMED
2021-05-31,CLOSED,Spring Bank Holiday,uk_spring_bank_holiday,module:uk_spring_bank_holiday,,,CONFIRMED
2021-08-30,CLOSED,Summer Bank Holiday,uk_summer_bank_holiday,module:uk_summer_bank_holiday,,,CONFIRMED
2021-12-24,EARLY_CLOSE,Christmas Eve (Early Close),gb_lse_christmas_eve_early_close,module:gb_lse_early_closes,,12:30,CONFIRMED
2021-12-27,CLOSED,Christmas Day,uk_christmas_day,module:uk_christmas_day,2021-12-25,,CONFIRMED
2021-12-28,CLOSED,Boxing Day,uk_boxing_day,module:uk_boxing_day,2021-12-26,,CONFIRMED
2021-12-31,EARLY_CLOSE,New Year's Eve (Early Close),gb_lse_new_years_eve_early_close,module:gb_lse_early_closes,,12:30,CONFIRMED
2022-01-03,CLOSED,New Year's Day,uk_new_years_day,module:uk_new_years_day,2022-01-01,,CONFIRMED
2022-04-15,CLOSED,Good Friday,good_friday,module:uk_good_friday,,,CONFIRMED
2022-04-18,CLOSED,Easter Monday,easter_monday,module:uk_easter_monday,,,CONFIRMED
2022-05-02,CLOSED,Early May Bank Holiday,uk_early_may_bank_holiday,module:uk_early_may_bank_holiday,,,CONFIRMED
2022-06-02,CLOSED,Spring Bank Holiday (Moved for the Platinum Jubilee),uk_spring_bank_holiday_moved,module:uk_spring_bank_holiday,,,CONFIRMED
2022-06-03,CLOSED,Jubilee Bank Holiday (Platinum Jubilee),uk_jubilee_bank_holiday,module:uk_jubilee_bank_holiday,,,CONFIRMED
2022-08-29,CLOSED,Summer Bank Holiday,uk_summer_bank_holiday,module:uk_summer_bank_holiday,,,CONFIRMED
2022-09-19,CLOSED,State Funeral of Queen Elizabeth II,uk_state_funeral_2022,module:uk_one_off_bank_holidays,,,CONFIRMED
2022-12-23,EARLY_CLOSE,Christmas Eve (Early Close) (24 December 2022 is a Saturday; half day observed the preceding Friday),gb_lse_christmas_eve_early_close_shifted,module:gb_lse_early_closes,,12:30,CONFIRMED
2022-12-26,CLOSED,Boxing Day,uk_boxing_day,module:uk_boxing_day,,,CONFIRMED
2022-12-27,CLOSED,Christmas Day,uk_christmas_day,module:uk_christmas_day,2022-12-25,,CONFIRMED
2022-12-30,EARLY_CLOSE,New Year's Eve (Early Close) (31 December 2022 is a Saturday; half day observed the preceding Friday),gb_lse_new_years_eve_early_close_shifted,module:gb_lse_early_closes,,12:30,CONFIRMED
2023-01-02,CLOSED,New Year's Day,uk_new_years_day,module:uk_new_years_day,2023-01-01,,CONFIRMED
2023-04-07,CLOSED,Good Friday,good_friday,module:uk_good_friday,,,CONFIRMED
2023-04-10,CLOSED,Easter Monday,easter_monday,module:uk_easter_monday,,,CONFIRMED
2023-05-01,CLOSED,Early May Bank Holiday,uk_early_may_bank_holiday,module:uk_early_may_bank_holiday,,,CONFIRMED
2023-05-08,CLOSED,Coronation of King Charles III,uk_coronation_2023,module:uk_one_off_bank_holidays,,,CONFIRMED
2023-05-29,CLOSED,Spring Bank Holiday,uk_spring_bank_holiday,module:uk_spring_bank_holiday,,,CONFIRMED
2023-08-28,CLOSED,Summer Bank Holiday,uk_summer_bank_holiday,module:uk_summer_bank_holiday,,,CONFIRMED
2023-12-22,EARLY_CLOSE,Christmas Eve (Early Close) (24 December 2023 is a Sunday; half day observed the preceding Friday),gb_lse_christmas_eve_early_close_shifted,module:gb_lse_early_closes,,12:30,CONFIRMED
2023-12-25,CLOSED,Christmas Day,uk_christmas_day,module:uk_christmas_day,,,CONFIRMED
2023-12-26,CLOSED,Boxing Day,uk_boxing_day,module:uk_boxing_day,,,CONFIRMED
2023-12-29,EARLY_CLOSE,New Year's Eve (Early Close) (31 December 2023 is a Sunday; half day observed the preceding Friday),gb_lse_new_years_eve_early_close_shifted,module:gb_lse_early_closes,,12:30,CONFIRMED
2024-01-01,CLOSED,New Year's Day,uk_new_years_day,module:uk_new_years_day,,,CONFIRMED
2024-03-29,CLOSED,Good Friday,good_friday,module:uk_good_friday,,,CONFIRMED
2024-04-01,CLOSED,Easter Monday,easter_monday,module:uk_easter_monday,,,CONFIRMED
2024-05-06,CLOSED,Early May Bank Holiday,uk_early_may_bank_holiday,module:uk_early_may_bank_holiday,,,CONFIRMED
2024-05-27,CLOSED,Spring Bank Holiday,uk_spring_bank_holiday,module:uk_spring_bank_holiday,,,CONFIRMED
2024-08-26,CLOSED,Summer Bank Holiday,uk_summer_bank_holiday,module:uk_summer_bank_holiday,,,CONFIRMED
2024-12-24,EARLY_CLOSE,Christmas Eve (Early Close),gb_lse_christmas_eve_early_close,module:gb_lse_early_closes,,12:30,CONFIRMED
2024-12-25,CLOSED,Christmas Day,uk_christmas_day,module:uk_christmas_day,,,CONFIRMED
2024-12-26,CLOSED,Boxing Day,uk_boxing_day,module:uk_boxing_day,,,CONFIRMED
2024-12-31,EARLY_CLOSE,New Year's Eve (Early Close),gb_lse_new_years_eve_early_close,module:gb_lse_early_closes,,12:30,CONFIRMED
2025-01-01,CLOSED,New Year's Day,uk_new_years_day,module:uk_new_years_day,,,CONFIRMED
2025-04-18,CLOSED,Good Friday,good_friday,module:uk_good_friday,,,CONFIRMED
2025-04-21,CLOSED,Easter Monday,easter_monday,module:uk_easter_monday,,,CONFIRMED
2025-05-05,CLOSED,Early May Bank Holiday,uk_early_may_bank_holiday,module:uk_early_may_bank_holiday,,,CONFIRMED
2025-05-26,CLOSED,Spring Bank Holiday,uk_spring_bank_holiday,module:uk_spring_bank_holiday,,,CONFIRMED
2025-08-25,CLOSED,Summer Bank Holiday,uk_summer_bank_holiday,module:uk_summer_bank_holiday,,,CONFIRMED
2025-12-24,EARLY_CLOSE,Christmas Eve (Early Close),gb_lse_christmas_eve_early_close,module:gb_lse_early_closes,,12:30,CONFIRMED
2025-12-25,CLOSED,Christmas Day,uk_christmas_day,module:uk_christmas_day,,,CONFIRMED
2025-12-26,CLOSED,Boxing Day,uk_boxing_day,module:uk_boxing_day,,,CONFIRMED
2025-12-31,EARLY_CLOSE,New Year's Eve (Early Close),gb_lse_new_years_eve_early_close,module:gb_lse_early_closes,,12:30,CONFIRMED
2026-01-01,CLOSED,New Year's Day,uk_new_years_day,module:uk_new_years_day,,,CONFIRMED
2026-04-03,CLOSED,Good Friday,good_friday,module:uk_good_friday,,,CONFIRMED
2026-04-06,CLOSED,Easter Monday,easter_monday,module:uk_easter_monday,,,CONFIRMED
2026-05-04,CLOSED,Early May Bank Holiday,uk_early_may_bank_holiday,module:uk_early_may_bank_holiday,,,CONFIRMED
2026-05-25,CLOSED,Spring Bank Holiday,uk_spring_bank_holiday,module:uk_spring_bank_holiday,,,CONFIRMED
2026-08-31,CLOSED,Summer Bank Holiday,uk_summer_bank_holiday,module:uk_summer_bank_holiday,,,CONFIRMED
2026-12-24,EARLY_CLOSE,Christmas Eve (Early Close),gb_lse_christmas_eve_early_close,module:gb_lse_early_closes,,12:30,CONFIRMED
2026-12-25,CLOSED,Christmas Day,uk_christmas_day,module:uk_christmas_day,,,CONFIRMED
2026-12-28,CLOSED,Boxing Day,uk_boxing_day,module:uk_boxing_day,2026-12-26,,CONFIRMED
2026-12-31,EARLY_CLOSE,New Year's Eve (Early Close),gb_lse_new_years_eve_early_close,module:gb_lse_early_closes,,12:30,CONFIRMED
2027-01-01,CLOSED,New Year's Day,uk_new_years_day,module:uk_new_years_day,,,CONFIRMED
2027-03-26,CLOSED,Good Friday,good_friday,module:uk_good_friday,,,CONFIRMED
2027-03-29,CLOSED,Easter Monday,easter_monday,module:uk_easter_monday,,,CONFIRMED
2027-05-03,CLOSED,Early May Bank Holiday,uk_early_may_bank_holiday,module:uk_early_may_bank_holiday,,,CONFIRMED
2027-05-31,CLOSED,Spring Bank Holiday,uk_spring_bank_holiday,module:uk_spring_bank_holiday,,,CONFIRMED
2027-08-30,CLOSED,Summer Bank Holiday,uk_summer_bank_holiday,module:uk_summer_bank_holiday,,,CONFIRMED
2027-12-24,EARLY_CLOSE,Christmas Eve (Early Close),gb_lse_christmas_eve_early_close,module:gb_lse_early_closes,,12:30,CONFIRMED
2027-12-27,CLOSED,Christmas Day,uk_christmas_day,module:uk_christmas_day,2027-12-25,,CONFIRMED
2027-12-28,CLOSED,Boxing Day,uk_boxing_day,module:uk_boxing_day,2027-12-26,,CONFIRMED
2027-12-31,EARLY_CLOSE,New Year's Eve (Early Close),gb_lse_new_years_eve_early_close,module:gb_lse_early_closes,,12:30,CONFIRMED
2028-01-03,CLOSED,New Year's Day,uk_new_years_day,module:uk_new_years_day,2028-01-01,,CONFIRMED
2028-04-14,CLOSED,Good Friday,good_friday,module:uk_good_friday,,,CONFIRMED
2028-04-17,CLOSED,Easter Monday,easter_monday,module:uk_easter_monday,,,CONFIRMED
2028-05-01,CLOSED,Early May Bank Holiday,uk_early_may_bank_holiday,module:uk_early_may_bank_holiday,,,CONFIRMED
2028-05-29,CLOSED,Spring Bank Holiday,uk_spring_bank_holiday,module:uk_spring_bank_holiday,,,CONFIRMED
2028-08-28,CLOSED,Summer Bank Holiday,uk_summer_bank_holiday,module:uk_summer_bank_holiday,,,CONFIRMED
2028-12-22,EARLY_CLOSE,Christmas Eve (Early Close) (24 December 2028 is a Sunday; half day observed the preceding Friday),gb_lse_christmas_eve_early_close_shifted,module:gb_lse_early_closes,,12:30,CONFIRMED
2028-12-25,CLOSED,Christmas Day,uk_christmas_day,module:uk_christmas_day,,,CONFIRMED
2028-12-26,CLOSED,Boxing Day,uk_boxing_day,module:uk_boxing_day,,,CONFIRMED
2028-12-29,EARLY_CLOSE,New Year's Eve (Early Close) (31 December 2028 is a Sunday; half day observed the preceding Friday),gb_lse_new_years_eve_early_close_shifted,module:gb_lse_early_closes,,12:30,CONFIRMED
2029-01-01,CLOSED,New Year's Day,uk_new_years_day,module:uk_new_years_day,,,CONFIRMED
2029-03-30,CLOSED,Good Friday,good_friday,module:uk_good_friday,,,CONFIRMED
2029-04-02,CLOSED,Easter Monday,easter_monday,module:uk_easter_monday,,,CONFIRMED
2029-05-07,CLOSED,Early May Bank Holiday,uk_early_may_bank_holiday,module:uk_early_may_bank_holiday,,,CONFIRMED
2029-05-28,CLOSED,Spring Bank Holiday,uk_spring_bank_holiday,module:uk_spring_bank_holiday,,,CONFIRMED
2029-08-27,CLOSED,Summer Bank Holiday,uk_summer_bank_holiday,module:uk_summer_bank_holiday,,,CONFIRMED
2029-12-24,EARLY_CLOSE,Christmas Eve (Early Close),gb_lse_christmas_eve_early_close,module:gb_lse_early_closes,,12:30,CONFIRMED
2029-12-25,CLOSED,Christmas Day,uk_christmas_day,module:uk_christmas_day,,,CONFIRMED
2029-12-26,CLOSED,Boxing Day,uk_boxing_day,module:uk_boxing_day,,,CONFIRMED
2029-12-31,EARLY_CLOSE,New Year's Eve (Early Close),gb_lse_new_years_eve_early_close,module:gb_lse_early_closes,,12:30,CONFIRMED
2030-01-01,CLOSED,New Year's Day,uk_new_years_day,module:uk_new_years_day,,,CONFIRMED
2030-04-19,CLOSED,Good Friday,good_friday,module:uk_good_friday,,,CONFIRMED
2030-04-22,CLOSED,Easter Monday,easter_monday,module:uk_easter_monday,,,CONFIRMED
2030-05-06,CLOSED,Early May Bank Holiday,uk_early_may_bank_holiday,module:uk_early_may_bank_holiday,,,CONFIRMED
2030-05-27,CLOSED,Spring Bank Holiday,uk_spring_bank_holiday,module:uk_spring_bank_holiday,,,CONFIRMED
2030-08-26,CLOSED,Summer Bank Holiday,uk_summer_bank_holiday,module:uk_summer_bank_holiday,,,CONFIRMED
2030-12-24,EARLY_CLOSE,Christmas Eve (Early Close),gb_lse_christmas_eve_early_close,module:gb_lse_early_closes,,12:30,CONFIRMED
2030-12-25,CLOSED,Christmas Day,uk_christmas_day,module:uk_christmas_day,,,CONFIRMED
2030-12-26,CLOSED,Boxing Day,uk_boxing_day,module:uk_boxing_day,,,CONFIRMED
2030-12-31,EARLY_CLOSE,New Year's Eve (Early Close),gb_lse_new_years_eve_early_close,module:gb_lse_early_closes,,12:30,CONFIRMED
